<?xml version="1.0" encoding="UTF-8"?>
<!DOCTYPE mapper PUBLIC "-//mybatis.org//DTD Mapper 3.0//EN" "http://mybatis.org/dtd/mybatis-3-mapper.dtd">
<mapper namespace="com.hong.dao.DpMapper">

    <!-- 通用查询映射结果 -->
    <resultMap id="BaseResultMap" type="com.hong.entity.Dp">
        <id column="did" property="did" />
        <result column="answer" property="answer" />
        <result column="title" property="title" />
        <result column="optionA" property="optionA" />
        <result column="optionB" property="optionB" />
        <result column="optionC" property="optionC" />
        <result column="optionD" property="optionD" />
        <result column="doti" property="doti" />
        <result column="fen" property="fen" />
        <result column="dotime" property="dotime" />
        <result column="username" property="username" />
    </resultMap>

</mapper>
