<?xml version="1.0" encoding="UTF-8"?>
<!DOCTYPE mapper PUBLIC "-//mybatis.org//DTD Mapper 3.0//EN" "http://mybatis.org/dtd/mybatis-3-mapper.dtd">
<mapper namespace="com.hong.dao.ExerciseMapper">

    <!-- 通用查询映射结果 -->
    <resultMap id="BaseResultMap" type="com.hong.entity.Exercise">
        <id column="eid" property="eid" />
        <result column="answer" property="answer" />
        <result column="title" property="title" />
        <result column="optionA" property="optionA" />
        <result column="optionB" property="optionB" />
        <result column="optionC" property="optionC" />
        <result column="optionD" property="optionD" />
    </resultMap>

</mapper>
