<?xml version="1.0" encoding="UTF-8"?>
<!DOCTYPE mapper PUBLIC "-//mybatis.org//DTD Mapper 3.0//EN" "http://mybatis.org/dtd/mybatis-3-mapper.dtd">
<mapper namespace="com.hong.dao.NewsMapper">

    <!-- 通用查询映射结果 -->
    <resultMap id="BaseResultMap" type="com.hong.entity.News">
        <id column="nid" property="nid" />
        <result column="img_url" property="imgUrl" />
        <result column="title" property="title" />
        <result column="content" property="content" />
        <result column="news_date" property="newsDate" />
        <result column="status" property="status" />

    </resultMap>

</mapper>
