<?xml version="1.0" encoding="UTF-8"?>
<!DOCTYPE mapper PUBLIC "-//mybatis.org//DTD Mapper 3.0//EN" "http://mybatis.org/dtd/mybatis-3-mapper.dtd">
<mapper namespace="com.hong.dao.UserMapper">

    <!-- 通用查询映射结果 -->
    <resultMap id="BaseResultMap" type="com.hong.entity.User">
        <id column="uid" property="uid" />
        <result column="username" property="username" />
        <result column="password" property="password" />
        <result column="phone" property="phone" />
        <result column="status" property="status" />
        <result column="register_time" property="registerTime" />
    </resultMap>

</mapper>
